video_id,trending_date,title,channel_title,category_id,publish_time,tags,views,likes,dislikes,comment_count,thumbnail_link,comments_disabled,ratings_disabled,video_error_or_removed,description,thumbnail
gPHVLxm8U-0,18.14.06,Courtney Hadwin: 13-Year-Old Golden Buzzer Winning Performance - America's Got Talent 2018,America's Got Talent,24,2018-06-13T02:04:30.000Z,"America's Got Talent 2018|""america's got talent""|""america's got talent fails""|""america's got talent best""|""america's got talent auditions""|""AGT""|""AGT 2018 Auditions""|""AGT best auditions""|""NBC""|""TV""|""TV Shows""|""Highlights""|""Previews""|""Simon Cowell""|""Howie Mandel""|""Tyra Banks""|""Heidi Klum""|""Mel B""|""season 13""|""America's""|""Got""|""Talent""|""funny""|""judge""|""vote""|""clips""|""talent""|""entertainment""|""competition""|""biggest talent show""|""talent show""",5829270,87323,3668,11933,https://i.ytimg.com/vi/gPHVLxm8U-0/default.jpg,FALSE,FALSE,FALSE,"We did not see that coming! You won't believe the performance from this eccentric teenager. Courtney earns Howie Mandel's Golden Buzzer sending her straight to the live shows.» Get The America's Got Talent App: http://bit.ly/AGTAppDownload» Subscribe for More: http://bit.ly/AGTSub» Watch America's Got Talent Tuesdays 8/7c on NBC!» Watch Full Episodes Free: http://bit.ly/AGTFullEpisodesAMERICA'S GOT TALENT ON SOCIALLike AGT: https://www.facebook.com/agtFollow AGT: https://twitter.com/agtAGT Tumblr: http://nbcagt.tumblr.com/AGT Instagram: http://instagram.com/agtIn season 13, NBC's America's Got Talent follows Simon Cowell, Heidi Klum, Mel B, Howie Mandel, and host Tyra Banks in their talent search, showcasing unique performers from across the country.Find America's Got Talent trailers, full episode highlights, previews, promos, clips, and digital exclusives here.NBC ON SOCIALLike NBC: http://Facebook.com/NBCFollow NBC: http://Twitter.com/NBCNBC Tumblr: http://NBCtv.tumblr.com/NBC Pinterest: http://Pinterest.com/NBCtv/NBC Google+: https://plus.google.com/+NBCYouTube: http://www.youtube.com/nbcNBC Instagram: http://instagram.com/nbcABOUT AMERICA'S GOT TALENTWith the talent search open to acts of all ages, America's Got Talent has brought the variety format back to the forefront of American culture by showcasing unique performers from across the country. The series is a true celebration of the American spirit, featuring a colorful array of singers, dancers, comedians, contortionists, impressionists, jugglers, magicians, ventriloquists and hopeful stars, all vying for their chance to win America's hearts and the $1 million prize. Follow judges Simon Cowell, Heidi Klum, Mel B, Howie Mandel, and host Tyra Banks in their talent search!Courtney Hadwin: 13-Year-Old Sings Golden Buzzer Winning Performance - America's Got Talent 2018https://youtu.be/gPHVLxm8U-0America's Got Talenthttp://www.youtube.com/user/americasgottalent",with text
8O-ZUXGcuWU,18.14.06,Nintendo @ E3 2018: Day 2,Nintendo,20,2018-06-14T01:31:53.000Z,"nintendo|""play""|""play nintendo""|""game""|""gameplay""|""fun""|""video game""|""kids""|""action""|""E3 2018""|""Treehouse Live""|""THL""|""Splatoon 2""|""Super Smash Bros""|""Nintendo Switch""|""Nintendo 3DS""",1549110,21905,1516,1318,https://i.ytimg.com/vi/8O-ZUXGcuWU/default.jpg,FALSE,FALSE,FALSE,"ESRB Rating: RATING PENDING to TEEN. Rating Pending title(s) may contain content inappropriate for children. Visit esrb.org for rating information.Hollow Knight © 2018 Team Cherry© 2017 Ubisoft Entertainment. All Rights Reserved. Rabbids, Ubisoft, and the Ubisoft logo are registered or unregistered trademarks of Ubisoft Entertainment in the US and/or other countries. Nintendo properties are licensed to Ubisoft Entertainment by Nintendo. SUPER MARIO characters © Nintendo. Nintendo Switch is a trademark of Nintendo.Subscribe for more Nintendo fun! https://goo.gl/09xFdPVisit Nintendo.com for all the latest! http://www.nintendo.com/Like Nintendo on Facebook: http://www.facebook.com/NintendoFollow us on Twitter: http://twitter.com/NintendoAmericaFollow us on Instagram: http://instagram.com/NintendoFollow us on Pinterest: http://pinterest.com/NintendoFollow us on Google+: http://google.com/+Nintendo",with text
qPEIPu0V8GQ,18.14.06,Fortnite Celebrity Pro-Am | #FortniteProAm,Fortnite,20,2018-06-13T03:27:30.000Z,"Fortnite|""Epic Games""|""PC""|""PS4""|""Xbox One""|""Battle Royale""|""Unreal Tournament""|""Unreal Engine""|""Minecraft""|""Plants vs. Zombies""",2183462,79677,2034,3464,https://i.ytimg.com/vi/qPEIPu0V8GQ/default.jpg,FALSE,FALSE,FALSE,"50 gamers and 50 celebrities will pair up to battle for the ultimate Victory Royale. One team will rise to the top for ultimate bragging rights and $3,000,000 in charity prize money. Which duo are you rooting for?Learn More: https://www.epicgames.com/fortnite/en-US/pro-am2018Instagram: https://www.instagram.com/fortnite/Twitter: https://twitter.com/FortniteGameFacebook: https://www.facebook.com/FortniteGame/",purposed
r5Kd7ltWS9w,18.14.06,Everything Wrong With Ratatouille In 15 Minutes Or Less,CinemaSins,1,2018-06-12T15:49:41.000Z,"ratatouille|""brad bird""|""cinemasins""|""cinema sins""|""everything wrong with""|""eww""|""movie""|""mistakes""|""review""",1884144,55281,3657,7353,https://i.ytimg.com/vi/r5Kd7ltWS9w/default.jpg,FALSE,FALSE,FALSE,"Sponsored by Full Sail University. Learn more: http://bit.ly/fullsailcinemasinsWith the impending release of The Incredibles 2, we decided it was finally time to go looking for sins in the last Brad Bird Pixar film, Ratatouille. It's about a rat chef, but it's also really excellent, but also full of sins. Thursday: Animated sins.Remember, no movie is without sin! Which movie's sins should we expose next?!Podcast: http://soundcloud.com/cinemasinsSins Video Playlist: http://www.youtube.com/watch?v=wy-v4c4is-w&list=PLMWfZxj1nTkQBy4AeRGG4xH5d2IIApNPjTweet us: http://twitter.com/cinemasinsReddit with us: http://reddit.com/r/cinemasinsTumble us: http://cinema-sins.tumblr.comCall us: 405-459-7466Jeremy's book: http://theablesbook.com",purposed
pzD9zGcUNrw,18.14.06,THE NUN - Official Teaser Trailer [HD],Warner Bros. Pictures,24,2018-06-13T12:00:24.000Z,"James Wan|""The Conjuring""|""The Conjuring 2""|""Corin Hardy""|""The Nun""|""Peter Safran""|""Demian Bichir""|""Taissa Farmiga""|""Jonas Bloquet""|""Charlotte Hope""|""Ingrid Bisu""|""Bonnie Aarons""|""Gary Dauberman""|""Todd Williams""|""Michael Clear""|""Annabelle""|""New Line""|""New Line Cinema""|""Warner Bros.""|""WB""",2072162,61948,1263,6143,https://i.ytimg.com/vi/pzD9zGcUNrw/default.jpg,FALSE,FALSE,FALSE,"Witness the darkest chapter of The Conjuring Universe. #TheNunMovie, in theaters September 7.--https://www.facebook.com/NunMovie/https://twitter.com/thenunmoviehttps://www.instagram.com/thenunmovie/http://TheNunMovie.com--Filmmaker James Wan, director of the record-setting horror hits “The Conjuring” and “The Conjuring 2,” explores another dark corner of that universe with “The Nun.”  Directed by Corin Hardy (“The Hallow”), the new fright-fest is produced by Wan and by Peter Safran, who has produced all the films in “The Conjuring” franchise.  When a young nun at a cloistered abbey in Romania takes her own life, a priest with a haunted past and a novitiate on the threshold of her final vows are sent by the Vatican to investigate.  Together they uncover the order’s unholy secret.  Risking not only their lives but their faith and their very souls, they confront a malevolent force in the form of the same demonic nun that first terrorized audiences in “The Conjuring 2,” as the abbey becomes a horrific battleground between the living and the damned.  “The Nun” stars Oscar nominated Demian Bichir (“A Better Life”) as Father Burke, Taissa Farmiga (TV’s “American Horror Story”) as Sister Irene, and Jonas Bloquet (“Elle”) as local villager Frenchie. The cast also includes Charlotte Hope (TV’s “Game of Thrones”) as the abbey’s Sister Victoria, Ingrid Bisu (“Toni Erdmann”) as Sister Oana, and Bonnie Aarons, reprising her “Conjuring 2” role as the title character. Hardy directs “The Nun” from a screenplay by Gary Dauberman (“It”), story by James Wan & Gary Dauberman.  Dauberman, Todd Williams and Michael Clear are the executive producers.Joining Hardy behind the scenes are director of photography Maxime Alexandre (“The Voices,” “Annabelle: Creation”), production designer Jennifer Spence (“Annabelle: Creation,” “Lights Out,” the “Insidious” films), editors Michel Aller (“Lights Out,” “Paranormal Activity: Ghost Dimension”) and Ken Blackwell ( “Ouija” “Friday the 13th”), and costume designer Sharon Gilham (TV’s “Black Mirror”).  The music is by Abel Korzeniowski (“Nocturnal Animals”).                       New Line Cinema presents an Atomic Monster / Safran Company production, “The Nun.” Opening in theaters on September 7, 2018, the film will be distributed by Warner Bros. Pictures, a Warner Bros. Entertainment Company.",image
-9rdDeWzvsU,18.14.06,Stampede - Alexander Jean Ft. Lindsey Stirling,Lindsey Stirling,10,2018-06-13T16:00:24.000Z,"lindsey|""lindsay""|""violin""|""dubstep""|""electronic""|""sterling""|""stirling""|""lindsey stirling""|""stampede""|""alexander jean""|""stark""|""team stark""|""mark ballas""",296615,38671,463,2348,https://i.ytimg.com/vi/-9rdDeWzvsU/default.jpg,FALSE,FALSE,FALSE,"Lindsey Stirling & Evanescence Co-Headline Summer 2018 TourHead here for tour dates, tickets, and VIP upgrades: http://www.lindseystirling.com/Buy/download Stampede: https://lnk.to/StampedeMusic video Directed By Joshua SchultzLindsey's album Brave Enough available for purchase here: iTunes: http://found.ee/BEiTunes2 Target: http://found.ee/BETarget AMAZON CD: http://www.found.ee/BEAmazonCD B&N: http://found.ee/BEBarnesLP AMAZON VINYL: http://www.found.ee/BEAmazonLP Sheet Music Here (Violin and Piano) : https://mnot.es/2xUSIIaSimplified version: https://mnot.es/2y1hzKhFollow me here:https://www.facebook.com/lindseystirlingmusichttps://twitter.com/LindseyStirlinghttp://www.instagram.com/LindseyStirlingSign up for my super-cool newsletter here:http://lindseystirling.fanbridge.com",image
MrMAfMbZOmg,18.14.06,Troye Sivan - Dance To This (Official Audio) ft. Ariana Grande,TroyeSivanVEVO,10,2018-06-13T16:00:01.000Z,"Troye|""Sivan""|""Dance""|""To""|""This""|""EMI""|""Recorded""|""Music""|""Australia""|""Pty""|""Ltd""|""Pop""|""troy sivan""|""troy""|""sivann""|""Ariana""|""grande""|""arian""|""grand""|""dance to this""|""dance""|""dnce""|""to""|""this""|""bloom""|""blooom""|""pop""|""my my my""|""no tears left to cry""|""no tears""|""youth""|""wild""|""blue neighbourhood""|""blu""|""dangerous woman""",1473589,214511,2011,17455,https://i.ytimg.com/vi/MrMAfMbZOmg/default.jpg,FALSE,FALSE,FALSE,"“Dance to This” feat. Ariana Grande available now: https://TroyeSivan.lnk.to/DanceToThisID Pre-order ‘Bloom’ exclusive vinyl & merch https://TroyeSivan.lnk.to/BloomIDDownload the official Troye Sivan app for access to exclusive content, early access to tickets + more https://TroyeSivan.lnk.to/OfficialApp  Lyrics: Young ambition Say we’ll go slow but we never do  Premonition: Seeing me spending every night with you Yeah under the kitchen lightsYou still look like dynamite And I wanna end up on youDon’t need no place to go Just put on the radioYou know what I wanna do  We can just dance to thisDon’t take much to start meWe can just dance to thisPush up on my body And you know we’ve,Already seen all of the parties We can just dance to this (We can just) We can just dance to this [ARIANA]Dear beloved Bring those 501s a bit closer, bit closer And dear my lover Do that thing we never do sober, sober  [BOTH]Under the kitchen lightsYou still look like dynamite And I wanna end up on you, yeahWe don’t need no place to go Just put on the radioYou know what I wanna do  We can just dance to thisDon’t take much to start meWe can just dance to thisPush up on my body And you know we’ve,Already seen all of the parties We can just dance to this (We can just) We can just dance to this I don’t want to sleep tonightI just want to take that ride yeahI don’t want to sleep tonightI just want to take that ride yeah We can just dance to thisDon’t take much to start meWe can just dance to thisPush up on my body And you know we’ve,Already seen all of the parties We can just dance to thisWe can just dance to thisDon’t take much to start me We can just dance to thisPush up on my body You know we already seen all of the parties We can just dance to this We can just we can just dance to thisFollow me! http://www.troyesivan.comhttp://www.twitter.com/troyesivanhttp://www.youtube.com/troyehttp://www.instagram.com/troyesivanhttp://www.facebook.com/troyesivanhttp://troyesivan.tumblr.com© 2018 Universal Music Australia Pty Ltd.http://vevo.ly/WAcHlk",with text
ZHbT3LWwsQ0,18.14.06,Film Theory: How To SAVE Jurassic Park (Jurassic World),The Film Theorists,1,2018-06-12T18:09:35.000Z,"Jurassic|""jurassic world""|""jurassic park""|""jurassic world 2""|""jurassic world 2 trailer""|""Jurassic world fallen kingdom trailer""|""jurassic world fallen kingdom""|""fallen kingdom""|""fallen kingdom trailer""|""jurassic park 2""|""dino""|""dinosaur""|""dinosaurs""|""t rex""|""trex""|""chris pratt""|""film theory""|""jurassic world film theory""|""film theorists""|""matpat""|""jurassic world matpat""|""jurassic world theory""|""jurassic park theory""|""film theory fallen kingdom""|""film theory jurassic world fallen kingdom""",2142891,72620,1985,11349,https://i.ytimg.com/vi/ZHbT3LWwsQ0/default.jpg,FALSE,FALSE,FALSE,"Watch Us Make A Jurassic Fossil Cake! ► https://bit.ly/2HH0xkrJurassic World Was An Inside Job? ► https://bit.ly/2JtbKuGSUBSCRIBE for More Film Theories! ► http://bit.ly/1dI8VBHThe tragedy of all the lives lost at Jurassic World could have been PREVENTED! That's right! If they had followed the real world rules of Zoos and Theme Parks, we could be going to see some IRL dinos RIGHT NOW. Instead, I trudged through the rules and regulations to figure out how to run a SUCCESSFUL Jurassic Park.MORE FILM THEORIESWilly Wonka's Golden Ticket SCAM! ►► https://bit.ly/2JIhEalSpiderman is DEAD! ►► https://bit.ly/2HpyASIIs Eleven the Monster? | Stranger Things ► https://goo.gl/TuJsLUThe Emoji Movie is ILLEGAL! ►► https://goo.gl/LsA7PaDid Deadpool WRITE Deadpool?!? ► https://bit.ly/2HtAq17Like the theme song and remix for this episode? Thanks to CARF! https://www.youtube.com/user/carfmobileSOCIAL MEDIA:Twitter: @MatPatGTFacebook: facebook.com/GameTheoristsInstagram:  instagram.com/matpatgt",purposed
uHRwMmwbFnA,18.14.06,Super Smash Bros. Ultimate - Everyone is Here Trailer (E3 2018),GameXplain,20,2018-06-12T16:24:41.000Z,"Smash|""Super Smash Bros.""|""Smash Bros.""|""Super Smash Bros. Ultimate""|""Smash Ultimate""|""Brawl""|""Melee""|""Smash 64""|""everyone is here""|""Nintendo""|""Switch""|""Nintendo Switch""|""fighting game""|""party game""|""FGC""|""characters""|""gaming""|""video games""|""Capcom""|""Konami""|""Square Enix""|""PlatinumGames""|""Bayonetta""|""Cloud""|""Mega Man""|""Snake""|""Solid Snake""|""Ryu""|""Mario""|""Link""|""Kirby""|""Pichu""|""Wolf""|""Ice Climbers""",892447,20484,852,6849,https://i.ytimg.com/vi/uHRwMmwbFnA/default.jpg,FALSE,FALSE,FALSE,"Every fighter in the Super Smash Bros. series' entire history is coming together at last in Super Smash Bros. Ultimate for the Nintendo Switch! Ice Climbers, Wolf, Snake, Mega Man, Cloud, and more -- everyone is here! Check out the first-ever footage from Nintendo's E3 2018 Direct!---------------------------------Follow GameXplain!---------------------------------➤ PATREON:  https://www.patreon.com/GameXplain➤ FACEBOOK:: http://www.facebook.com/gamexplain➤ TWITTER: http://twitter.com/GameXplain➤ INSTAGRAM: https://www.instagram.com/gamexplain_official➤ GOOGLE+: https://plus.google.com/108004348435696627453⮞ Support us by shopping @ Play-Asia- http://www.play-asia.com/?tagid=1351441 & @ AMAZON- http://geni.us/AmzGX⮞ Get our Real Talk Podcast early for $1/month at https://www.patreon.com/GameXplain",with text
Gi56dSh8Fq8,18.14.06,Gourmet Chef Makes A Big Mac Super Fancy,BuzzFeedVideo,22,2018-06-13T18:00:32.000Z,"mcdonalds|""big mac""|""fancy""|""fast food""|""jacques la merde""|""hamburger""|""fine dining""|""fries""|""plating""|""cooking""|""chef""|""gourmet""|""ice""|""culinary institution""|""buzzfeed""|""buzzfeed video""|""food""|""restaurant""|""burger""|""eat""|""eating show""|""recipe""|""cook""|""foodie""",402418,10070,3303,2142,https://i.ytimg.com/vi/Gi56dSh8Fq8/default.jpg,FALSE,FALSE,FALSE,"It's your good ol' McDonald's Big Mac, but like you've never seen before.Credits: https://www.buzzfeed.com/bfmp/videos/58035Check out more awesome videos at BuzzFeedVideo!https://bit.ly/YTbuzzfeedvideohttps://bit.ly/YTbuzzfeedblue1https://bit.ly/YTbuzzfeedvioletGET MORE BUZZFEED:https://www.buzzfeed.comhttps://www.buzzfeed.com/videoshttps://www.youtube.com/buzzfeedvideohttps://www.youtube.com/asishttps://www.youtube.com/buzzfeedbluehttps://www.youtube.com/buzzfeedviolethttps://www.youtube.com/perolikehttps://www.youtube.com/ladylikeBuzzFeedVideoBuzzFeed Motion Picture’s flagship channel. Sometimes funny, sometimes serious, always shareable. New videos posted daily!Love BuzzFeed? Get the merch! BUY NOW: https://goo.gl/gQKF8mMUSICLicensed via Audio NetworkSFX Provided By AudioBlocks(https://www.audioblocks.com)STILLSBeef Burger isolated on white backgroundAzriSuratmin/Getty ImagesVector illustration of crown. Made in trendy flat style.LeoPride/Getty ImagesEXTERNAL CREDITSJames Briscionehttps://www.ice.edu/newyork/explore-ice/faculty-profiles/james-briscione",purposed
dS5Thrl-4Kc,18.14.06,CRAYOLA MAKEUP | HIT OR MISS?,Laura Lee,26,2018-06-12T18:55:26.000Z,"Laura88Lee|""crayola""|""crayon makeup""|""crayola beauty""|""crayola crayons makeup review""|""asos""|""crayons""|""cheap makeup""|""crayola crayon makeup""|""honest review""|""crayola beauty review""|""crayola makeup review""|""box of crayons eyeshadow palette""|""box of crayons palette""|""crayola asos crayons makeup""|""makeup releases 2018""|""new makeup releases 2018""|""new makeup releases""|""trying crayola crayons makeup""|""laura lee""|""hit or miss""",607422,26166,895,3517,https://i.ytimg.com/vi/dS5Thrl-4Kc/default.jpg,FALSE,FALSE,FALSE,"Hey Larlees, todays video is me testing Crayola makeup. This was super interesting and entertaining lol. Was it a hit or miss? Keep watching to find out more. Watch my Ebay Makeup Video: https://youtu.be/H4Hug6EFcCULLLA LIQUID LIPSTICK TRIO AVAILABLE NOW: http://bit.ly/2Kgzy1tPRODUCTS MENTIONED:crayola makeup: http://bit.ly/2JPRDG8*** D I S C O U N T  - C O D E S ***___* my vanity: http://bit.ly/29z6ZNxuse code LAURALEE for $$ off!!* Morphe Brushes USE CODE LauraLee for 10% off!http://morphebrushes.com* Jouer cosmetics - code: LAURALEE for 15% off! https://www.jouercosmetics.com* Ofra Cosmetics use code LAURALEE for 30% off!! http://bit.ly/2bm3dGb* POSTMATES! code LAURALEE will give $100 in delivery credit to your  NEW postmates account http://bit.ly/2jwzJ07SOCIAL MEDIA:INSTAGRAM:  LarlarleeSNAPCHAT: Laura88leeTWITTER: LAURA88LEEmusical.ly - Laura88lee***My Camera Equipment***New Camera: http://amzn.to/2iKeRMHOld Camera (great for starters)- http://amzn.to/2t2X88cCamera Lens - http://amzn.to/2t3i66HLights - http://amzn.to/2u1mxmNMusic https://soundcloud.com/ikson",purposed
JGm9Y_hFqNk,18.14.06,First Take reacts: Kyrie Irving says contract extension doesn't make sense | First Take | ESPN,ESPN,17,2018-06-13T15:06:08.000Z,"espn|""espn live""|""boston celtics""|""kyrie irving""|""kyrie""|""irving""|""kyrie irving celtics""|""kyrie irving lebron james""|""lebron james kyrie irving""|""lebron james celtics""|""lebron james kyrie irving celtics""|""kyrie lebron""|""first take""|""espn first""|""first take today""|""first take daily""|""first take live""|""stephen a. smith""|""stephen a smith""|""stephen a.""|""stephen a""|""max kellerman""|""max""|""stephen""|""smith""|""first take espn""|""espn first take""|""first take stephen a smith""|""discussion""|""debate""|""morning show""",812832,7701,320,2505,https://i.ytimg.com/vi/JGm9Y_hFqNk/default.jpg,FALSE,FALSE,FALSE,"First Take's Stephen A. Smith and Max Kellerman react to Kyrie Irving saying a contract extension with the Boston Celtics just doesn't sense.✔ Subscribe to ESPN on YouTube: http://es.pn/SUBSCRIBEtoYOUTUBE✔ Watch Latest Episodes on WatchESPN: http://es.pn/LatestEpisodes✔ Watch ESPN on YouTube TV: http://es.pn/YouTubeTVGet more ESPN on YouTube:► First Take: http://es.pn/FirstTakeonYouTube► SportsCenter with SVP: http://es.pn/SVPonYouTubeESPN on Social Media:► Follow on Twitter: http://www.twitter.com/espn► Like on Facebook: http://www.facebook.com/espn► Follow on Instagram: http://www.instagram.com/espnVisit ESPN on YouTube to get up-to-the-minute sports news coverage, scores, highlights and commentary for NFL, NHL, MLB, NBA, College Football, NCAA Basketball, soccer and more. More on ESPN.com: http://www.espn.com",with text
6h8QgZF5Qu4,18.14.06,Drop the Mic w/ Ashton Kutcher & Sean Diddy Combs,The Late Late Show with James Corden,24,2018-06-13T05:27:27.000Z,"The Late Late Show|""Late Late Show""|""James Corden""|""Corden""|""late night""|""late night show""|""comedy""|""comedian""|""celebrity""|""celeb""|""celebrities""|""CBS""|""joke""|""jokes""|""funny""|""funny videos""|""funny video""|""humor""|""hollywood""|""famous""|""Drop the Mic""|""Ashton Kutcher""|""Sean Diddy Combs""|""Segment""|""Game""|""Music""|""Recurring""|""Evergreen""",864189,18811,399,1074,https://i.ytimg.com/vi/6h8QgZF5Qu4/default.jpg,FALSE,FALSE,FALSE,"James Corden and Ashton Kutcher square off in a rap battle, with each taking shots far below the belt. In a content so heated, only a rap legend of Sean Diddy Combs' caliber can declare a winner.More Late Late Show:Subscribe: http://bit.ly/CordenYouTubeWatch Full Episodes: http://bit.ly/1ENyPw4Facebook: http://on.fb.me/19PIHLCTwitter: http://bit.ly/1Iv0q6kInstagram: http://bit.ly/latelategramWatch The Late Late Show with James Corden weeknights at 12:35 AM ET/11:35 PM CT. Only on CBS.Get new episodes of shows you love across devices the next day, stream live TV, and watch full seasons of CBS fan favorites anytime, anywhere with CBS All Access. Try it free! http://bit.ly/1OQA29B---Each week night, THE LATE LATE SHOW with JAMES CORDEN throws the ultimate late night after party with a mix of celebrity guests, edgy musical acts, games and sketches. Corden differentiates his show by offering viewers a peek behind-the-scenes into the green room, bringing all of his guests out at once and lending his musical and acting talents to various sketches. Additionally, bandleader Reggie Watts and the house band provide original, improvised music throughout the show. Since Corden took the reigns as host in March 2015, he has quickly become known for generating buzzworthy viral videos, such as Carpool Karaoke.",purposed
nBpxVdpMBZk,18.14.06,Loaded Baked Potato - You Suck at Cooking (episode 77),You Suck At Cooking,26,2018-06-12T12:41:58.000Z,"potatoes|""baked potatoes""|""loaded potato""|""loaded baked potato""|""you suck at cooking""|""ysac""|""chef""|""recipe""|""how to""|""tutorial""|""comedy""|""funny""|""audible""|""audio books""|""cheese""|""broccoli""|""chives""|""sour cream""|""cheddar""|""cumin""|""stuffed potato""|""slow cooker""",563721,30575,559,2036,https://i.ytimg.com/vi/nBpxVdpMBZk/default.jpg,FALSE,FALSE,FALSE,"For a 30 day trial and free book go to http://audible.com/ysac or text YSAC to 500500Subscribe:  http://bit.ly/1HuynlYhttps://twitter.com/yousuckatcookinSnapchat: @yousuckatcookin http://instagram.com/yousuckatcookinghttp://facebook.com/yousuckatcookingRecipe:Baking-bake a potato on 4 Hundo for 45-50 minutes, orMicro Bake a potato for 10 minutes, orSlow Bake a potato for 6 years.Don't forget to poke those fork holes. Cut the top open and dig out the nothingness. Mix the nothing with a whole lot of something: Butter, cream cheese, cheddar, sour cream, chives, bacon. Boullion made strong, cumin, cream cheese, cheddar, broccoliWangjangle all the stuff togetherThen restuff the potatoes Put some more cheese and chives or bacon on topBack in the Undo for a few minutes. More sour cream and chives on top. If all this sounds like a bit too much, just sprinkle some salt on a raw potato and order a pizza.",image
mpnshdmtE2Y,18.14.06,Carla Makes BA Smashburgers | From the Test Kitchen | Bon Appétit,Bon Appétit,26,2018-06-12T16:03:58.000Z,"bon appetit|""burgers""|""cheeseburgers""|""how to cook""|""test kitchen""|""cast iron""|""smashburgers""|""how to make cheeseburgers""|""how to make smashburgers""|""how to make a smashburger""|""burger recipe""|""smashburger recipe""|""diy smashburger""|""grilling burgers""|""carla""|""carla music""|""carla bon appetit""|""from the test kitchen""|""hamburger""|""carla makes smashburgers""|""best smashburgers""|""hamburger recipe""|""how to make hamburgers""|""best hamburger""|""food""|""bon appétit""",540149,14206,693,1211,https://i.ytimg.com/vi/mpnshdmtE2Y/default.jpg,FALSE,FALSE,FALSE,"Ground chuck is a great all-purpose, buy-it-anywhere choice for burgers. But if you want to get ambitious and blend, say, chuck with ground short rib or brisket, we say go for it.

Get the recipe: https://www.bonappetit.com/recipe/the-ba-smash-burgerStill haven’t subscribed to Bon Appetit on YouTube? ►► http://bit.ly/1TLeyPn

ABOUT BON APPÉTIT
Cook with confidence using Bon Appetit’s kitchen tips, recipes, videos, and restaurant guides. Stay current on the latest food trends, dining destinations, and hosting ideas. Carla Makes BA Smashburgers | From the Test Kitchen | Bon Appétit",purposed
PPWDwBrUNyY,18.14.06,"YouTube Live at E3 2018: Monday with Ninja, Marshmello, PlayStation, Ubisoft, Todd Howard",gameslice,20,2018-06-12T04:45:52.000Z,"youtube live at E3|""geoff keighley""|""e3 live""|""e3 2018""|""e3 gameplay""|""electronic entertainment expo""|""playstation""|""death stranding""|""hideo kojima""|""spider-man""|""spiderman""|""the last of us part 2""|""ghost of tsushima""|""ninja""|""let's play""|""marshmello""|""ali-a""|""vikkstar""|""e3 livestream""|""press conference""|""gameplay""|""videogames""|""youtube e3 show""|""e3 stream""|""live press conference""|""e3 news""",4326949,28978,4931,1157,https://i.ytimg.com/vi/PPWDwBrUNyY/default.jpg,FALSE,FALSE,FALSE,"Join Geoff Keighley and YouTube for Live at E3 2018 from Los Angeles. Ninja joins us live in the studio as a special guest host, as well as live coverage of PlayStation's E3 press conference and Ubisoft. More than 8 hours live with YouTube's top creators including Ali-A and Vikkstar.Subscribe For More Live at E3 ► http://bit.ly/YTE3LiveFollow Geoff on Twitter  ► http://www.twitter.com/geoffkeighleyWatch YouTube Live at E3 -- Youtube.com/E3",purposed
yz7Xq3T0YPs,18.14.06,"Katherine Langford on 13 Reasons Why, Australia & Doctor Parents",Jimmy Kimmel Live,24,2018-06-13T09:00:06.000Z,"jimmy|""kimmel""|""live""|""late""|""night""|""talk""|""show""|""funny""|""comedic""|""comedy""|""clip""|""comedian""|""katherine""|""langford""|""13""|""reasons""|""why""|""australia""|""doctor""|""parents""|""netflix""|""actress""|""actor""|""katherine langford""|""13 reasons why""",296295,8157,294,764,https://i.ytimg.com/vi/yz7Xq3T0YPs/default.jpg,FALSE,FALSE,FALSE,"Katherine talks about learning accents, growing up in Australia, her parents being doctors and her character on the Netflix series '13 Reasons Why.'Details & Tickets for Kimmel vs. Cruz – The Blobfish Basketball Classic https://youtu.be/vueCLY1z7RU SUBSCRIBE to get the latest #KIMMEL: http://bit.ly/JKLSubscribe Watch Mean Tweets: http://bit.ly/KimmelMT10 Connect with Jimmy Kimmel Live Online: Visit the Jimmy Kimmel Live WEBSITE: http://bit.ly/JKLWebsiteLike Jimmy Kimmel on FACEBOOK: http://bit.ly/KimmelFBLike Jimmy Kimmel Live on FACEBOOK: http://bit.ly/JKLFacebookFollow @JimmyKimmel on TWITTER: http://bit.ly/KimmelTWFollow Jimmy Kimmel Live on TWITTER: http://bit.ly/JKLTwitterFollow Jimmy Kimmel Live on INSTAGRAM: http://bit.ly/JKLInstagram About Jimmy Kimmel Live: Jimmy Kimmel serves as host and executive producer of Emmy-winning Jimmy Kimmel Live, ABC's late-night talk show.Jimmy Kimmel Live is well known for its huge viral video successes with 5.6 billion views on YouTube alone.Some of Kimmel's most popular comedy bits include - Mean Tweets, Lie Witness News, Jimmy's Twerk Fail Prank, Unnecessary Censorship, YouTube Challenge, The Baby Bachelor, Movie: The Movie, Handsome Men's Club, Jimmy Kimmel Lie Detective and music videos like I (Wanna) Channing All Over Your Tatum and a Blurred Lines parody with Robin Thicke, Pharrell, Jimmy and his security guard Guillermo.Now in its sixteenth season, Kimmel's guests have included: Johnny Depp, Meryl Streep, Tom Cruise, Halle Berry, Harrison Ford, Jennifer Aniston, Will Ferrell, Katy Perry, Tom Hanks, Scarlett Johansson, Channing Tatum, George Clooney, Larry David, Charlize Theron, Mark Wahlberg, Kobe Bryant, Steve Carell, Hugh Jackman, Kristen Wiig, Jeff Bridges, Jennifer Garner, Ryan Gosling, Bryan Cranston, Jamie Foxx, Amy Poehler, Ben Affleck, Robert Downey Jr., Jake Gyllenhaal, Oprah, and unfortunately Matt Damon.Katherine Langford on 13 Reasons Why, Australia & Doctor Parentshttps://youtu.be/yz7Xq3T0YPs",with text
s_SJZSAtLBA,18.14.06,Assassin's Creed Odyssey: E3 2018 Official World Premiere Trailer | Ubisoft [NA],Ubisoft North America,20,2018-06-11T21:16:16.000Z,"Assassin's Creed Odyssey|""Assassin's Creed Odyssey Trailer""|""Ancient Greece""|""Open World Game""|""Release Date""|""Ubisoft""|""Assassin's Creed Odyssey Gameplay""|""Gameplay""|""Xbox""|""PlayStation""|""PC""|""Action""|""Assassins Creed""|""New Assassins Creed""|""assassin's creed greece""|""greece""|""kassandra""|""alexios""|""spartan""|""rpg""|""role playing game""|""E3""|""E3 2018""|""E3 Assassin's Creed""|""E3 Assassin's Creed presentation""|""E3 Reveal""|""E3 Assassin's Creed Reveal""|""E3 2018 New Games""|""4k""|""Ubisoft 2018""|""ubisoft e3 2018""|""ubie3""|""ubie3 2018""",924008,18188,1642,4599,https://i.ytimg.com/vi/s_SJZSAtLBA/default.jpg,FALSE,FALSE,FALSE,"Watch the world premiere of Assassin’s Creed Odyssey set in ancient Greece, a world rich with myths and legends!#AssassinsCreedOdyssey #UbiE3Website - http://bit.ly/2t7jeqz  https://www.facebook.com/assassinscreedUShttps://instagram.com/AssassinsCreed_UShttps://twitter.com/assassinscreedhttps://www.youtube.com/UbisoftNAABOUT ASSASSIN’S CREED ODYSSEY:BECOME A LEGENDARY SPARTAN HERO Embark on your journey from humble beginnings to living legend as Alexios or Kassandra. Customize your gear, upgrade your abilities, and personalize your ship on your path to becoming a Spartan hero. ANCIENT GREECE AWAITS From the heights of snowy mountain peaks to the depths of the Aegean Sea, explore an entire country full of untamed environments and cities at the peak of Greece’s Golden Age. Unexpected encounters will breathe life into your story as you meet colorful characters, battle vicious mercenaries, and more. CHOOSE YOUR OWN PATH Your decisions shape the world around you with over 30 hours of choice dialogue and multiple game endings. Experience a living, dynamic world that constantly evolves and reacts to your every decision. FIGHT EPIC BATTLES Show off your extraordinary warrior abilities and shift the tides of battle during one of the deadliest conflicts of the time, the Peloponnesian War. Charge into epic clashes between Sparta and Athens in big battles pitting 150v150 soldiers against each other. SAIL ACROSS THE AEGEAN SEA Find uncharted locations, uncover hidden treasures, or fight your way through entire fleets in naval battles. Customize the look of your ship, upgrade weaponry to suit your strengths, and recruit crewmembers with unique perks, tailoring naval combat to your style. A LAND OF MYTHS AND LEGENDS Discover a world rich with myths and legends. From ancient rituals to famed statues, come face to face with Greece’s legendary figures and discover the true nature of mythological beasts like Medusa and the Minotaur.Assassin's Creed Odyssey: E3 2018 Official World Premiere Trailer | Ubisoft [NA]https://www.youtube.com/UbisoftNA",purposed
Gv1xjf8BUrY,18.14.06,CHRIS PRATT is on our Game Show!,Smosh,23,2018-06-11T16:04:02.000Z,"chris pratt|""chris pratt game show""|""chriss pratt jurassic world""|""jurassic world chris pratt""|""pratt""|""you posted that""|""smosh""|""you posted that chris pratt""|""jurassic world""|""jurassic world 2""|""game show""|""game""|""show""|""chris pratt funny moments""|""funny""|""celebrity game show""|""gameshow""",1507254,85731,1318,10439,https://i.ytimg.com/vi/Gv1xjf8BUrY/default.jpg,FALSE,FALSE,FALSE,Thanks to Jurassic World for sponsoring this episode. Catch it in theaters on June 22nd. Tickets on sale now at https://fandan.co/2JscUWs Chris Pratt relives his Twitter history and surprises super-fans Courtney and Olivia when he joins us for You Posted That!CASTIan HecoxChris PrattCourtney MillerOlivia SuiShayne ToppCREWDirected by Ryan ToddWritten by Monica Vasandani & Ryan FinnertyProduced by Ryan ToddSmosh Co-Founded by Ian Hecox & Anthony PadillaSmosh Creative Director: Joe BeretaDirector of Photography: Billy YatesEditor: Nick AgichSenior Producer: Alex HluchProducer: Garrett PalmProducer: Kristina NikolicFirst Assistant Director: Tanner RisnerProduction Designer: Taylor FrostCamera: Brennan IketaniCamera: Mitch AndersonGaffer: Nick GiomusoG&E Swing: Trent TurnerG&E Swing: Justin ThatcherSound: Greg JonesMakeup: Rachel JenkinsArt Director: Steven SmykaArt Assist: Talia BrahmsArt Assist: Jake SperlingAssistant Editor: Matthew DuranPost-Production Supervisor: Reed BriceDIT/Media Management: Tim Baker,with text
rAH8qm5oQHg,18.14.06,Town Hall 12 Update is Here! (Clash of Clans Official),Clash of Clans,20,2018-06-11T12:08:03.000Z,"clash of clans|""COC""|""Clash of Clans Gameplay""|""Clash of Clans Strategy""|""Clash of Clans Animation""|""Clash of Clans Commercial""|""Clash of Clans Attacks""|""Clash of Clans Town Hall""|""Hog Rider""|""PEKKA""|""Clan Wars""|""town hall 12""|""electro dragon""|""siege machines""|""battle blimp""|""wall wrecker""|""clash of clans new update""",10531608,122553,7011,10736,https://i.ytimg.com/vi/rAH8qm5oQHg/default.jpg,FALSE,FALSE,FALSE,"Town Hall 12 is finally here, along with the Electro Dragon and Siege Machines!Read the full patch notes for this update: https://supr.cl/TH12_patchnotesAttack. Defend. Strategize. Download for free for mobile devices. http://supr.cl/ThisArmyCheck out the official Supercell merch store: http://shop.supercell.com/From rage-­filled Barbarians with glorious mustaches to pyromaniac wizards, raise your own army and lead your clan to victory! Build your village to fend off raiders, battle against millions of players worldwide, and forge a powerful clan with others to destroy enemy clans.PLEASE NOTE! Clash of Clans is free to download and play, however some game items can also be purchased for real money Also, under our Terms of Service and Privacy Policy, you must be at least 13 years of age to play or download Clash of Clans.A network connection is also required.FEATURES- Build your village into an unbeatable fortress - Raise your own army of Barbarians, Archers, Hog Riders, Wizards, Dragons and other mighty fighters- Battle with players worldwide and take their Trophies- Join together with other players to form the ultimate Clan- Fight against rival Clans in epic Clan Wars - Build 18 unique units with multiple levels of upgrades- Discover your favorite attacking army from countless combinations of troops, spells, Heroes and Clan reinforcements - Defend your village with a multitude of Cannons, Towers, Mortars, Bombs, Traps and Walls- Fight against the Goblin King in a campaign through the realmChief, are you having problems? Visit http://supercell.helpshift.com/a/clash-of-clans/Privacy Policy:http://www.supercell.net/privacy-policy/Terms of Service:http://www.supercell.net/terms-of-service/Parent’s Guide:http://www.supercell.net/parents",with text
ZCNyOsPh2ng,18.14.06,Kardashian Vs West! Let's meet the teams! | Celebrity Family Feud,FamilyFeud,24,2018-06-11T00:59:50.000Z,"family feud|""family fued""|""family feud funny""|""steve harvey""|""game show bloopers""|""funny family feud""|""funny""|""bloopers""|""funny video""|""funny videos""|""game show""|""gameshow""|""game""|""prize""|""money""|""win""|""winning""|""tv""|""tv show""|""survey says""|""audition""|""auditions""|""fast money""|""Kim Kardashian""|""Kanye West""|""Kendall Jenner""|""Khloe Kardashian""|""Kris Jenner""",3746583,40193,3415,5248,https://i.ytimg.com/vi/ZCNyOsPh2ng/default.jpg,FALSE,FALSE,FALSE,"Get ready for an EPIC one-hour edition of Celebrity Family Feud as Kanye & Kim take on Kris, Khloe, Kendall! Watch Celebrity Family Feud all summer on ABC, SUNDAYS AT 8|7c, and stay tuned for To Tell The Truth starring Anthony Anderson at 10|9c!SUBSCRIBE:http://bit.ly/FamilyFeudSubPLAY FAMILY FEUD LIVE: Android: http://ludia.gg/FFLAndroidiOS: http://ludia.gg/FFLiOSVisit our NEW STORE:manicmerch.com/familyfeudFACEBOOK:facebook.com/FamilyFeudINSTAGRAM:instagram.com/familyfeudTWITTER:twitter.com/FamilyFeudWEBSITE:familyfeud.com",with text
